spdb3520	知识
spdb3530	17个
spdb3537	5150个
spdb3538	3月9日
spdb3539	共120人在青海银监局主会场
spdb3548	9393.66亿元
spdb3558	一名副局长
spdb3570	中国银行经济技术开发区支行
spdb3597	35万
spdb3599	23.6亿元
spdb3610	银监局
spdb3619	客户信用
spdb3620	湖州等
spdb3637	侴宇明
spdb3649	2011年7月
spdb3658	深圳
spdb3667	河南银监局与省国税局、地税局
spdb3669	省工信委、省国税局和省地税局
spdb3679	113.4亿元
spdb3680	4亿元
spdb3687	21个
spdb3688	21个
spdb3689	21个
spdb3690	15
spdb3708	两学一做”学习教育实施方案，宁波银监局
spdb3717	402户
spdb3727	银监会
spdb3730	6个
spdb3737	境内依法设立的商业银行适用商业银行押品管理指引。
spdb3748	2016年
spdb3759	40729.4万元
spdb3767	止涨回落
spdb3769	中国工商银行、中国农业银行、中国银行、中国建设银行四家大型银行分别筹建河北雄安分行
spdb3787	实现利润236.6亿元
spdb3788	13.90%
spdb3789	2011年5月
spdb3797	8小时
spdb3799	10.41亿美元
spdb3810	121个
spdb3820	41项
spdb3827	9月14日
spdb3828	知识竞赛
spdb3838	9.81亿元
spdb3839	1581.12亿元
spdb3840	22家
spdb3848	204511户
spdb3850	63.65%
spdb3857	中国银监会
spdb3859	2016年11月29日
spdb3868	16.18亿元
spdb3869	爱心卡77.8万张
spdb3870	以“支农支小”为第一责任。
spdb3879	最高额度可达10万元
spdb3887	金融知识
spdb3890	全域旅游支付结算智慧景区
spdb3897	2.68万亿元
spdb3899	2016年11月24日
spdb3900	2018年3月12日
spdb3927	银监会副主席蔡鄂生
spdb3928	107.4万亿元
spdb3929	金融办公室
spdb3940	金融
spdb3949	2017年7月3日
spdb3967	中国人民银行和中国银行业监督管理委员会
spdb3990	2008年4月
spdb3997	企业和个人信用信息基础数据库
spdb4009	1999年
spdb4010	10%
spdb4028	2016年6月1
spdb4029	城市商业银行、农村商业银行、农村合作银行和城乡信用社
spdb4030	中国人民银行、财政部、商务部、海关总署、税务总局、银监会
spdb4038	中文
spdb4039	中国人民银行
spdb4040	财政部及国家有关外债、外资管理部门
spdb4048	抄报中国人民银行
spdb4049	出资设立
spdb4057	4小时
spdb4058	4小时
spdb4078	每月第8个工作日前
spdb4079	2001年9月8日起
spdb4080	外汇局北京外汇管理部。总部不在北京的各中资外汇指定银行总行应将数据报送至外汇局所在地分支局
spdb4107	财政部、中国人民银行
spdb4117	银监会
spdb4120	进一步加强专项票据发行、兑付考核工作
spdb4128	5个工作日内
spdb4138	《高校国家助学贷款申请表》
spdb4139	家长
spdb4167	288
spdb4168	30000
spdb4169	8000
spdb4170	2002年2月6
spdb4188	四次
spdb4189	同一家
spdb4190	自2002年4月15日起施行
spdb4197	圆形
spdb4198	直径18毫米
spdb4199	50元
spdb4200	50元
spdb4218	10
spdb4230	每年6月30日前
spdb4247	清算
spdb4248	80000元
spdb4257	80000元
spdb4280	不超过90%
spdb4288	2005年10月21
spdb4297	中国人民银行
spdb4309	2007年11月28
spdb4310	2007年11月28
spdb4319	5个
spdb4320	延期支付、到期时本金和利息延期支付
spdb4329	2008年10月23
spdb4330	10元
spdb4337	2007年10月23
spdb4338	13枚
spdb4340	含纯金1/10盎司，直径18毫米，面额50元
spdb4347	正回购方所出质的资产支持证券（简称质押券）应当足额。
spdb4358	中国人民银行分支机构
spdb4368	2008年8月1日
spdb4369	2008年1月16
spdb4377	2007年10月31
spdb4379	北京天坛祈年殿
spdb4380	母子熊猫图
spdb4387	2008年11月28
spdb4397	1元
spdb4399	2008年11月12
spdb4407	2008年4月8
spdb4408	2
spdb4409	深圳国宝造币有限公司
spdb4419	2008年5月1
spdb4428	等值20000元人民币
spdb4429	等值20000元人民币
spdb4430	中国人民银行将继续支持澳门经济、贸易、投资以及澳门人民币业务的发展
spdb4439	《全国银行间债券市场债券交易管理办法》（中国人民银行令〔2000〕第2号发布）、《银行间债券市场债券登记托管结算管理办法》
spdb4440	中央国债登记结算有限责任公司
spdb4450	金融衍生产品交易
spdb4457	不得低于5亿元
spdb4458	2008年3月20
spdb4459	共9枚
spdb4460	直径60毫米，面额2000元
spdb4470	2009年6月30
spdb4477	300000
spdb4478	2009年1月16
spdb4487	自2009年3月16日起，两地支付互通安排开通美元、欧元、港币和英镑4个币种
spdb4489	当日9∶00至16∶00
spdb4490	当日9∶00至16∶00
spdb4497	300元
spdb4509	2009年6月10
spdb4520	2010年4月22日
spdb4528	2010年11月9
spdb4529	上海世界博览会吉祥物“海宝”，背景图案为城市建筑群，内缘上方刊“中国2010年上海世博会”字样，左下方刊“1元”面额。
spdb4530	一个戴着虎头帽的儿童敲打腰鼓，背景为燃放的鞭炮和布老虎图案，内缘下方刊“庚寅
spdb4540	2010年12月6
spdb4548	2010年8月26
spdb4549	5
spdb4559	2010年3月23
spdb4567	北京天坛祈年殿
spdb4568	300元
spdb4569	10000元
spdb4570	2000元
spdb4579	100元
spdb4600	2010年9月16
spdb4608	2011年6月16
spdb4620	中国人民银行令〔2010〕第2号发布）实施工作，保障非金融机构支付服务业务系统检测认证工作规范有序开展，中国人民银行
spdb4630	2011年10月28
spdb4638	2011年6月28
spdb4647	10元
spdb4648	30000
spdb4649	上海造币有限公司
spdb4650	2011年10月11
spdb4658	2011年10月13日
spdb4669	中国人民银行定于2011年4月15
spdb4670	3枚
spdb4677	2011年7月29
spdb4687	60000
spdb4688	2011年4月14
spdb4699	2011年4月29
spdb4707	母子熊猫图，并刊“1/4oz Au .999”字样、“华夏银行成立20周年纪念”英文字样及面额。  1盎司圆形银质纪念币背面图案为母子熊猫图
spdb4708	1
spdb4709	5
spdb4710	100元
spdb4717	12
spdb4718	20
spdb4719	12
spdb4720	22
spdb4730	2012年11月20
spdb4739	2011年3月1
spdb4747	2012年6月29
spdb4759	中国金币总公司
spdb4760	2011年4月27
spdb4767	2012年4月26日
spdb4768	2
spdb4769	含纯金1/4盎司，直径22毫米，面额100元
spdb4770	含纯金1/4盎司，直径22毫米，面额100元
spdb4777	券款对付结算方式办理债券结算和资金结算
spdb4787	2012年5月24
spdb4807	10000
spdb4808	30000
spdb4809	2013年8月8
spdb4817	含纯金1/4盎司，直径22毫米，面额100元
spdb4818	100元
spdb4819	15000枚
spdb4828	150元
spdb4829	直径23毫米，面额150元
spdb4830	150元
spdb4837	1元，直径为25毫米，材质为黄铜合金
spdb4838	黄铜合金
spdb4839	8000
spdb4847	300元
spdb4848	深圳国宝造币有限公司、沈阳造币有限公司和上海造币有限公司
spdb4849	2014年3月20
spdb4867	100元
spdb4868	100元
spdb4869	100元
spdb4878	2012年8月31
spdb4888	交通银行首尔分行
spdb4889	2014年6月30
spdb4890	30
spdb4900	2013年9月10
spdb4908	5元，直径为30毫米
spdb4909	5元，直径为30毫米
spdb4910	7000万枚
spdb4920	中国银行巴黎分行
spdb4927	深圳国宝造币有限公司
spdb4928	深圳国宝造币有限公司
spdb4929	2013年12月24
spdb4938	2014年10月24
spdb4948	中国银行悉尼分行
spdb4949	2014年12月26
spdb4959	1%
spdb4960	2014年3月21
spdb4968	2014年7月31
spdb4977	2015年7月16
spdb4988	人民币计价、结算
spdb4989	在存管银行开立的人民币保证金专用账户
spdb4998	2015年8月20
spdb5010	2015年11月12
spdb5018	赞比亚中国银行
spdb5020	2015年9月29
spdb5028	公平、公开、公正
spdb5029	传至全国银行间同业拆借中心
spdb5038	2014年5月30
spdb5047	10元
spdb5048	双色铜合金
spdb5049	双色铜合金
spdb5050	5亿枚
spdb5059	2015年11月6
spdb5067	2016年8月10
spdb5077	）155．52克（5盎司
spdb5078	）155．52克（5盎司
spdb5079	）155．52克（5盎司
spdb5080	深圳国宝造币有限公司、上海造币有限公司
spdb5087	10个工作日内
spdb5097	2021年5月2日
spdb5099	2016年7月19
spdb5118	中国人民银行上海
spdb5119	五、合格机构投资者
spdb5120	中国人民银行根据有关规定进行处理并通报相关机构监管部门，或者移交有关部门
spdb5129	中国人民银行关于《个人存款账户实名制规定》施行中有关问题处理意见的补充通知
spdb5138	积数计息法和逐笔计息法
spdb5140	积数计息法按实际天数每日累计账户余额，以累计积数乘以日利率计算利息。计息公式为：利息=累计计息积数×日利率，其中累计计息积数=每日余额合计数。
spdb5150	其业务人员、资金账户均应分开，不得混合操作
spdb5157	每季度结束后的10个工作日内
spdb5167	每年第一季度
spdb5169	2016年1月5
spdb5177	中国人民银行
spdb5178	20个工作日内
spdb5198	中国人民银行关于加强会计联行管理有关事项的通知
spdb5200	营业部(室)主任坐班制度
spdb5209	《中国人民银行关于内地银行与香港和澳门银行办理个人人民币业务有关问题的通知》
spdb5217	国家外汇管理局
spdb5228	二次预约方式发行
spdb5247	中国人民银行
spdb5248	我国银行信息化发展的重大举措
spdb5250	计算机安全管理委员会(领导小组)主任委员
spdb5267	2平方厘米
spdb5268	《国务院对确需保留的行政审批项目设定行政许可的决定》
spdb5288	《商业银行中间业务统计制度》适用于开展中间业务的各国有独资商业银行、股份制商业银行和城市商业银行
spdb5289	《商业银行中间业务统计制度》中的指标数据从各商业银行会计科目、账户以及台账信息中取得。
spdb5290	《商业银行中间业务统计制度》
spdb5308	中国人民银行
spdb5310	3％
spdb5320	中国人民银行债券发行系统
spdb5330	3月15日
spdb5337	中国人民银行
spdb5348	2001年10月26
spdb5357	15枚
spdb5358	2000元，尺寸40毫米×64毫米
spdb5360	2001年7月15
spdb5367	中国人民银行
spdb5368	谨慎会计原则
spdb5369	根据《贷款风险分类指导原则》，对贷款进行风险分类后，按每笔贷款损失的程度计提的用于弥补专项损失的准备。特种准备指针对某一国家、地区、行业或某一类贷款风险计提的准备。
spdb5377	5枚
spdb5379	50000
spdb5380	8800
spdb5387	长方形，规格90毫米×40毫米，面额50元
spdb5388	50元
spdb5389	5盎司
spdb5399	2001年5月23
spdb5417	联社
spdb5418	信用社开办银行承兑汇票业务，应使用人民银行统一规定的票据凭证和汇票
spdb5419	中国人民银行管辖分行、营业管理部、省会（首府）城市中心支行
spdb5420	中国人民银行总行
spdb5430	2006年1月1
spdb5439	8个工作日内
spdb5448	2001年5月23
spdb5457	按年结息
spdb5458	每年6月30
spdb5469	2004年4月25
spdb5479	国家外汇管理局
spdb5480	所在地外汇局
spdb5498	中国人民银行关于应对非典型肺炎影响全力做好当前货币信贷工作的意见
spdb5508	每年1月20日
spdb5519	38000套
spdb5530	1999年10月1
spdb5538	“银联”标识
spdb5540	中国印钞造币总公司
spdb5548	报经中国人民银行
spdb5559	房地产开发贷款科目
spdb5579	外汇局
spdb5597	通知》
spdb5598	2006年6月1
spdb5599	《国务院办公厅转发建设部等部门关于调整住房供应结构稳定住房价格意见的通知》
spdb5608	《网上银行业务管理暂行办法》
spdb5609	人民银行总行、分行或营业管理部
spdb5618	超过一年
spdb5619	要根据生产经营活动的实际周期确定，但最长不得超过三年
spdb5620	《基金管理公司、证券公司人民币合格境外机构投资者境内证券投资试点办法》有关事项的通知
spdb5629	人民银行总行
spdb5639	中国人民银行先后印发
spdb5657	固定代理行收益方式
spdb5660	固定发卡行收益比例的方式
spdb5667	中国人民银行
spdb5668	2004年1月底前
spdb5690	网络方式加密传送至中国人民银行大额支付统计分析系统。
spdb5700	《现金管理暂行条例》
spdb5719	自小额支付系统
spdb5720	中国人民银行
spdb5728	366天以上
spdb5729	中国人民银行关于进一步做好农村信用社支农服务工作的通知
spdb5730	15%以上
spdb5768	贸易进口结算项
spdb5769	则所购
spdb5770	则所购
spdb5797	每笔5.1元人民币
spdb5798	每笔0.6元人民币
spdb5799	每笔1.2元人民币
spdb5800	2元人民币
spdb5807	1990年12月
spdb5828	200份（含200份）
spdb5837	下调到522%
spdb5847	260亿元
spdb5870	国家外汇管理局各省、自治区、直辖市分局，深圳分局
spdb5888	销货款存入。
spdb5898	1980年
spdb5899	1996年外商投资企业
spdb5900	1998年12月1
spdb5918	《支付结算办法》规定的收费项目和标准收取手续费和邮电费
spdb5957	窗口指导方式，对辖内城市商业银行的支行逐一
spdb5958	资金
spdb5960	中国人民银行和财政部联合制定的《会计师事务所从事金融相关审计业务暂行办法》
spdb5970	1999年10月1
spdb5979	2000年1月1日至6月30日
spdb5987	1998年9月31日前
spdb5989	系统
spdb5997	外币计价结算
spdb5999	根据需要可以开立外汇结算账户
spdb6000	外汇专用账户
spdb6007	88家
spdb6018	1999年6月
spdb6020	“国家版权局著作权合同登记批复”
spdb6028	60日内
spdb6047	1999年10月1
spdb6050	未经中国人民银行总行
spdb6057	年满18周岁的在校大学生一般发放信用助学贷款
spdb6058	对接受非义务教育学生的直系亲属或法定监护人一般发放担保助学贷款
spdb6070	国家外汇管理局
spdb6088	“已售汇”戳记，复印留底
spdb6097	1990年颁布的《利率管理暂行规定》进行了修订，现将修订后的《人民币利率管理规定》
spdb6098	中国人民银行
spdb6117	中国人民银行
spdb6119	总行
spdb6140	中国银行
spdb6147	凭户口所在地的户籍证明
spdb6148	凡持因私护照出境的，均按年度、按因私用汇标准只供汇一次
spdb6149	签证多次往返的或一本护照一年内多次签证的，按年度、按标准只供汇一次
spdb6150	签证多次往返的或一本护照一年内多次签证的，按年度、按标准只供汇一次
spdb6159	中国法律、法规的规定，经批准在中国设立和营业的外资银行、合资银行、外国银行分行、合资财务公司和外资财务公司
spdb6167	一九九九年一月三日
spdb6170	人民银行统计司
spdb6179	1998年中国人民银行成立清分工作领导小组
spdb6190	4月底以前
spdb6207	1998年5月底前
spdb6230	商业银行
spdb6237	2000年4月30
spdb6249	外汇管理部门
spdb6278	五年
spdb6300	10%
spdb6308	5万美元提高至20万美元
spdb6309	5万美元提高至20万美元
spdb6318	独立法人资格
spdb6319	财政部
spdb6327	外汇局
spdb6328	10万美元（含10万美元）以上或外汇局认为有疑问的，外汇局有权进行抽查，审核其汇出利润的真实性，抽查率不得低于银行
spdb6329	“已办理利润或股息、红利汇出”字样并加盖银行印章，办理汇出手续后留存本通知第一、二条提及的有关凭证
spdb6337	金融机构的一般存款
spdb6338	人民银行
spdb6339	存款准备金率从现行的13%下调到8%
spdb6358	1999年1月1日欧元
spdb6359	《外商投资企业外汇登记证》
spdb6360	《欧元账户开户通知书》
spdb6388	分支行
spdb6390	《国务院关于坚决打击骗取出口退税严厉惩治金融和财税领域违法乱纪行为的决定》
spdb6398	“双签”制度
spdb6407	《关于清理国有独资商业银行专项贷款的请示》
spdb6419	每年30%
spdb6428	《储蓄管理条例》有关存款期限、支付方式、计息办法等方面的规定
spdb6429	1998年6月22
spdb6430	国家外汇管理局1998年6月22
spdb6437	国有独资商业银行县级支行以下单位
spdb6440	393mm× 546mm
spdb6458	《银行卡发卡行标识代码及卡号》
spdb6459	2004年1月1日起
spdb6468	自2200年7月1
spdb6469	每季度后15日内
spdb6509	1999年11月1
spdb6510	534075亿元
spdb6517	2001年6月1
spdb6518	5
spdb6530	中国人民银行
spdb6538	借款人
spdb6539	赌博、吸毒、嫖娼、包养情妇，经常出入歌舞厅、桑拿场所，大操大办婚丧红白喜事，购买与其经济实力不相称的高级轿车、经常租住高级宾馆等行为的，其企业贷款必须从严控制。
spdb6549	国家税务总局
spdb6558	2003年12月27日
spdb6568	人民币
spdb6579	《1998年到期换证银行名单》
spdb6580	1.申请报告；  　　2.外汇业务经营情况总结报告；  　　3.由外汇局认可的注册会计师事务所出具的外汇资本金或者外汇营运资金验资报告或总行对其外汇营运资金的承诺文件；  　　4.近3年的资产负债表和损益表（外币合并表、本外币合并表）；  　　5.外汇局近期对其外汇业务的检查或者考评报告，或者近期的外汇业务自查报告
spdb6610	２００６年６月２９日
spdb6619	第八届全国人民代表大会常务委员会第十三次会议
spdb6620	中华人民共和国境内的票据活动，适用本法
spdb6640	方可
spdb6648	《中华人民共和国行政诉讼法》的规定向人民法院提起诉讼
spdb6678	2004年2月1
spdb6679	２００６年６月２９日
spdb6697	2001年6月1
spdb6717	２００６年６月２９日
spdb6749	全国人民代表大会常务委员会关于中国银行业监督管理委员会履行原由中国人民银行履行的监督管理职责的决定（2003年4月26日第十届全国人民代表大会常务委员会第二次会议
spdb6750	国务院抓紧提出修改《中华人民共和国中国人民银行
spdb6757	2002年7月18
spdb6778	中华人民共和国证券法；本法未规定的，适用《中华人民共和国公司法》和其他法律、行政法规
spdb6787	第二百八十条
spdb6790	刑法第三百九十七条的规定
spdb6810	国务院第25次常务会议
spdb6837	国务院反洗钱行政主管部门
spdb6840	2001年12月15
spdb6847	1个月
spdb6848	不得超过20天
spdb6849	每季度
spdb6850	中国人民银行
spdb6857	２００６年６月２９日
spdb6867	指外国中央银行的现金、票据、银行存款、有价证券、外汇储备、黄金储备以及该银行
spdb6868	外国的和区域经济一体化组织的中央银行或者履行中央银行职能的金融管理机构。
spdb6870	根据《贷款通则》第五十六条的规定
spdb6877	“认定总额、各成员分担”
spdb6887	深圳、上海、天津、大连
spdb6888	1年内
spdb6889	2年内，开放济南、福州、成都、重庆
spdb6890	3年内，开放昆明、北京、厦门
spdb6897	》和《执法检查通知书》
spdb6900	中华人民共和国第十届全国人民代表大会常务委员会第十八次会议
spdb6920	2004年11月1
spdb6930	中国人民银行
spdb6957	60日内
spdb6958	2007年8月6
spdb6959	中国人民银行
spdb6967	国家外汇管理局及其分、支局
spdb6997	中国人民银行
spdb6999	中国人民银行
spdb7000	2000年11月1日
spdb7008	2004年2月1
spdb7018	人民币辅币单位为角、分。1元等于10角，1角等于10分。
spdb7019	中国人民银行
spdb7020	中国人民银行
spdb7027	中国人民银行
spdb7039	2004年3月22日
spdb7040	2004年5月20
spdb7057	中央财政贴息的国家助学贷款，由8个
spdb7058	中央财政贴息的国家助学贷款，由8个试点城市扩大到全国范围，其经办银行由中国工商银行扩大到中国农业银行、中国银行和中国建设银行
spdb7059	8
spdb7060	2000年9月1日前
spdb7067	2000年12月13日
spdb7068	进一步加强对商业银行代理支库和商业银行、信用社办理国库经收处业务的监督和管理，规范国库代理和经收业务，确保国库资金安全，根据《中华人民共和国中国人民银行法》等有关法律、法规，中国人民银行
spdb7088	国家安全部
spdb7089	1999年1月14日
spdb7098	2003年9月1
spdb7107	3年。有效期届满需要续展的，应当在有效期届满60日前
spdb7108	20日
spdb7110	2003年7月1
spdb7117	2003年3月1
spdb7118	2003年3月1
spdb7127	中国反洗钱监测分析中心
spdb7130	不低于10亿元人民币，出资人应当以自有资金出资，不得以委托资金、债务资金等非自有资金出资。
spdb7137	中国人民银行第37次行务会议
spdb7138	1997年10月20
spdb7139	2014年8月1
spdb7167	国家外汇管理局及其分支机构
spdb7170	2010年9月1
spdb7180	不得超过1000元
spdb7188	2015-12-16
spdb7199	公安机关
spdb7208	年利率36%
spdb7218	中国人民银行制定了《金融机构报告涉嫌恐怖融资的可疑交易管理办法》，经2007年6月8日第13次行长办公会议
spdb7237	《非金融机构支付服务业务系统检测认证管理规定》所称的认证机构应经国家认证认可监督管理委员会
spdb7238	（一）功能测试
spdb7239	检测完成后10个工作日内
spdb7247	中国人民银行
spdb7248	中国人民银行
spdb7250	中国反洗钱监测分析中心
spdb7257	年度结束后20日内
spdb7258	年度结束后20日内
spdb7270	中国人民银行清算总中心
spdb7280	工作日
spdb7297	系统管理岗
spdb7308	中国人民银行
spdb7309	人民币为计价单位
spdb7317	3个工作日内
spdb7357	30 日
spdb7360	机构名称、是否记名、卡号、有效期限或有效期截止日、持卡人注意事项、客户服务电话等要素
spdb7368	中国支付清算协会入会
spdb7378	机构
spdb7388	工商部门
spdb7399	第一届常务委员会第二次会议
spdb7407	《非银行支付机构信息科技风险管理指引已经技术标准工作委员会第一届常务委员会第二次会议
spdb7418	受益人
spdb7440	五年
spdb7447	三人
spdb7449	一个一人有限责任公司
spdb7457	6个月内
spdb7458	所得50万元以上
spdb7459	不足50万元的，处50万元以上200万元以下
spdb7460	国务院银行业监督管理机构予以撤销
spdb7467	民事权利能力， 依法享有民事权利
spdb7519	2004年7月1
spdb7538	审计机关
spdb7548	人民币
spdb7549	中国人民银行
spdb7560	国务院外汇管理部门
spdb7568	中国人民银行
spdb7589	中国人民银行和中国银行业监督管理委员会
spdb7637	市场化方式确定
spdb7638	中国银行间市场交易商协会
spdb7640	市场化方式确定
spdb7667	2007年11月1
spdb7679	每年首
spdb7697	中国人民银行
spdb7708	10月底之前
spdb7709	2014年12月19日至29日
spdb7717	沪港股票市场
spdb7719	自贸区
spdb7758	国家有关部门
spdb7777	联合征信服务系统、社会信用制度和社会诚信活动三个层面，其中社会信用制度是核心
spdb7780	上海市
spdb7787	110
spdb7788	org/report/report_search.html
spdb7789	“网站评估”网址：http://pinggu.zx110.org/
spdb7790	上海市人民政府
spdb7798	上海
spdb7817	2015年
spdb7827	2015年7月18日
spdb7837	“集中、专业、公益”等
spdb7838	上海
spdb7839	今年6月开始开发建设上海
spdb7847	今年5月25日
spdb7848	今年5月25日
spdb7850	分析上海科技创新中心建设对金融服务的新要求，进一步推进科技与金融的深层次融合，坚持三个导向，即:需求导向、创新导向和操作
spdb7889	10月30日
spdb7897	邵启良与农行
spdb7907	保险中介更好发挥对保险业的支持支撑作用
spdb7910	线上线下监管一致性原则，规范电子商务平台等
spdb7928	上海金融
spdb7930	2016年1月29日
spdb7940	上海金融
spdb7957	浦东新区区长孙继伟
spdb7958	3000
spdb7959	近3万亿元
spdb7960	2700亿美元
spdb7968	2013年
spdb7969	2005年
spdb7977	2016年3月28日至4月23日
spdb7980	2016年3月28日-4月23日9:30-17:00（4月2-4日闭馆）  展览地址：中国金融信息中心（东园路18号）六楼展厅  预约电话（每天9:30-17:00
spdb7987	4月30日前
spdb7988	上海首家民营银行华瑞银行
spdb7998	3月28日下午
spdb7999	3月31日下午
spdb8000	4月6日下午
spdb8037	6月1日
spdb8038	上海黄金交易所理事长焦瑾璞、副总经理宋钰勤
spdb8047	2016年6月30日
spdb8048	第九部分
spdb8067	9月28日（周三）09:00-12:00
spdb8069	2016年6月17日至21日
spdb8070	可向市金融党委组织处
spdb8097	《上海市人民政府关于推广政府和社会资本合作模式的实施意见》
spdb8109	中国保监会
spdb8117	由产品精算、财务、销售、投资等相关负责人组成的，由总经理
spdb8119	中国证券监督管理委员会和财政部
spdb8120	30
spdb8129	国务院
spdb8139	根据《证券投资基金法》《公开募集证券投资基金运作管理办法》《上海证券交易所证券投资基金上市规则》《上海证券交易所会员管理规则》《上海证券交易所开放式基金业务管理办法》
spdb8157	2017年1月13日
spdb8179	遴选5-10户
spdb8189	遴选5-10户
spdb8279	自2017年5月1日起施行
spdb8307	质检部门
spdb8310	个区13个
spdb8327	中国证监会
spdb8329	当日收盘价
spdb8370	2016年10月19日至12月18日
spdb8379	2017年
spdb8380	公开招标
spdb8397	2017年5月18日至24日
spdb8399	1、上海建设人民币全球服务体系方案及举措研究；  2、深化金融创新背景下交叉性金融风险管理研究
spdb8428	保监会
spdb8439	15个工作日内
spdb8448	上海自贸试验区
spdb8449	合规负责人
spdb8450	超过三年
spdb8460	公开谴责的数量较去年同期增加50%
spdb8469	2017年6月8日向
spdb8470	一线监管形成威慑的‘牙齿’。”
spdb8479	2017年6月8日向
spdb8507	有意向
spdb8508	8月30日18:00
spdb8509	上海金融人才网
spdb8510	9月18日12:00前
spdb8547	41家
spdb8549	9月下旬
spdb8558	9月25日至27日
spdb8560	70余人
spdb8567	2017年12月1
spdb8568	2017年12月1
spdb8577	2015年
spdb8578	2015年
spdb8579	2015年
spdb8587	5
spdb8597	2017年12月1
spdb8608	金融创新成果奖和金融创新推进奖
spdb8617	长江金融租赁将高端装备、生态科技
spdb8618	金融科技战略合作协议
spdb8619	陈震山和腾讯副总裁、腾讯云总裁邱跃鹏
spdb8669	会达到6.8
spdb8679	2018年1月31日
spdb8690	上海
spdb8699	上海市
spdb8708	短信等方式
spdb8709	官方网站等互联网渠道为投保农户提供其名下所有农业保险电子保单、电子批单或电子保险凭证的查询、下载及验真服务
spdb8710	保险机构还要以适当方式提供分户
spdb8760	社会公众和合格投资者两大类。
spdb8767	《上海市金融服务办公室上海金融发展扶持政策和金才工程业务管理平台采购项目》预算编号：00-18-46165，00-18-46178
spdb8778	二季度
spdb8787	00-18-46165，00-18-46178
spdb8797	今年6月14日-15日
spdb8798	5月23日
spdb8808	中国银行保险监督管理委员会
spdb8818	上海自贸试验区管委会委托赵晓雷
spdb8829	年复利
spdb8838	5月23
spdb8850	银行业金融机构监事会
spdb8859	流动性覆盖率=合格优质流动性资产÷未来30天现金净流出量
spdb8860	净稳定资金比例=可用的稳定资金÷所需的稳定资金
spdb8868	上海证券交易所
spdb8869	上海证券交易所共同举办上海市优质创新企业对接资本市场专题培训会。市经济信息化委、市国资委、市科委、市商务委、各区金融办
spdb8870	5月份
spdb8877	16家公募基金管理公司受托管理基本养老金、社保基金、企业年金合计1.5万亿元
spdb8879	2016年
spdb8888	浦东法院
spdb8897	和风险状况
spdb8898	银监局
spdb8908	中国证监会与中国人民银行
spdb8909	2018年6月1
spdb8910	2018年6月1
spdb8918	不得超过4％
spdb8937	2018年6月15
spdb8939	750亿元
spdb8957	23000家
spdb8960	6.12亿张
spdb8970	“非法放贷罪
spdb9000	科技创新应用于金融服务业
spdb9009	8031.99亿美元
spdb9010	2018年5月2日
spdb9018	《科技赋能 融合发展——兴业银行创新融合之路》
spdb9019	《科技赋能、规范融合——2018中国金融科技发展地图》
spdb9020	北京中关村分行
spdb9029	49.9%，较上月回落1.1个百分点，继今年2月份后再次落入收缩区间
spdb9037	提升城市能级和核心竞争力的不竭动力
spdb9047	16.5%，全国财政收入同比增长12.2%
spdb9048	16.5%，全国财政收入同比增长12.2%
spdb9049	同比增长8.3%
spdb9050	下降2.1%
spdb9058	由上海新金融研究院
spdb9067	回龙观龙域中心
spdb9069	明年2月为昌平区小微企业双创科技金融公共服务标准化体系建立和标准化研制阶段，2019年3月至4月
spdb9077	清华大学五道口金融
spdb9078	不超过113亿元
spdb9079	《2017年中国保险科技投融资报告》显示，2012年到2017年间，保险科技累计融资金额不超过113亿元
spdb9080	相关人士告诉记者
spdb9090	不低于5亿元
spdb9099	国务院代表国家行使国有金融资本所有权
spdb9128	每年5月15日前
spdb9129	亲自
spdb9137	3名
spdb9138	6年
spdb9139	重大
spdb9147	公安部、中国互联网金融协会结合相关工作进行了发言，北京市、辽宁省、上海市、浙江省、四川省、深圳市金融办（局
spdb9148	人民银行会同互联网金融风险专项整治工作领导小组有关成员单位
spdb9177	8252件
spdb9208	银保监会
spdb9217	1个月内
spdb9229	超过500万B端和C端用户提供便利服务
spdb9237	2016年6月的40.9万分钟增长到了2017年5月的49.2万分钟
spdb9238	4.35亿人
spdb9239	38.9%
spdb9247	银保监会
spdb9248	产品以“收益稳健、长期锁定、终身领取、精算平衡”为设计原则
spdb9257	中国证监会
spdb9268	1至5月
spdb9269	1至5月
spdb9277	4.95万亿元
spdb9289	53个
spdb9297	给付、赔付的重要原始资料
spdb9298	写明地址全称
spdb9307	电子式储蓄国债
spdb9308	记账式国债
spdb9309	拿到
spdb9318	共21天
spdb9328	分别用于银行间债券市场交易、交易所债券市场交易和股票市场交易的资金结算
spdb9329	国家外汇管理局关于投资额度的书面批复、托管及结算代理银行的托管资格和结算代理资格许可书面文件、试点机构与托管及结算代理银行的托管协议
spdb9330	中国证券监督管理委员会关于试点机构境内证券投资的书面批复、证券投资业务许可证以及国家外汇管理局关于投资额度的书面批复、托管及结算代理银行的托管资格和结算代理资格许可书面文件、试点机构与托管及结算代理银行的托管协议
spdb9367	2012年6月30日前
spdb9378	分为申报、评审、公示和审定等
spdb9379	一等奖5个，二等奖10个，三等奖23个，提名奖14个；金融创新推进奖5个，提名奖2个
spdb9387	2名
spdb9390	2011年2月10日
spdb9397	3至5年
spdb9398	《关于加强寿险诈骗风险防范的通知》，要求保险公司严格执行收付费管理规定，采取有效措施识别客户身份，通过银行等资金支付系统转账收付费应当对投保人、被保险人或受益人的账户信息进行核对
spdb9400	今年6月28日至30日
spdb9410	上市公司董事会
spdb9420	上海交通大学高级金融学院
spdb9437	人行上海总部、上海银监局、上海证监局、上海保监局和市金融办
spdb9447	上海金融业联合会、上海市银行同业公会、上海市证券同业公会、上海市保险同业公会、上海市期货同业公会、上海小额贷款公司协会、上海市担保行业协会、上海股权投资协会，浦东新区金融局和黄浦区、静安区、徐汇区、长宁区、普陀区、虹口区、宝山区、嘉定区金融办
spdb9448	上海金融报社、国际金融报社
spdb9449	100多家
spdb9450	1000多种
spdb9460	1、《上海金融系统“做群众的贴心人”工作案例申报表》（样式附后），报纸质材料1份，同时报电子版；  2、2000字以内的案例正文，报纸质材料1份，同时报电子版；  3、案例照片1张。照片画面要能反映案例主题，自然生动，有感染力，像素不低于1M，为jpg格式，照片文档名为“基层党组织名称+照片内容简要说明”
spdb9467	总行
spdb9479	评选“优秀调研成果”
spdb9480	1、申报材料清单：包括调研成果正文和《上海金融系统党建和思想政治工作研究会2012年度优秀调研成果申报表》（样式见附件）。有课题调研方案和调研相关资料的，可一并
spdb9487	8月29-30日
spdb9488	上海东亚展览馆
spdb9490	上海仲盟融资担保股份有限公司）  小微企业智能解决方案（通联支付网络服务有限公司
spdb9498	AVI、VOB、MOV或MPEG等常用视频格式
spdb9499	有关媒体进行展播
spdb9500	上海市职业考试院官方网站
spdb9507	2014年2月28日前
spdb9529	3个
spdb9558	每年 4 月前 5 个工作日内
spdb9568	专家组委员
spdb9569	可由工作组负责人兼任，根据工作需要可以设若干名副主任
spdb9578	北京时间 9:30-23:30 （周六、周日及法定节假日不开市）。
spdb9659	分为自律规范类培训和专业能力建设培训两大模块
spdb9677	真实、合规、合理
spdb9680	原件，留存复印件5年
spdb9687	第八条	秘书处
spdb9690	10年
spdb9739	即期、远期、 掉期、货币掉期、期权等
spdb9799	完善省级外汇业务展业工作自律机制（以下简称省级机制），督促银行落实展业自律要求，促进外汇市场健康有序发展，防范跨境资金异常流动风险，根据《外汇市场自律机制工作指引》
spdb9807	根据《关于促进黄金市场发展的若干意见》（银发[2010]211 号）、 《上海黄金交易所业务监督管理规则》
spdb9819	金交所
spdb9820	上市的证 券交易所
spdb9837	2014年1月1
spdb9879	每旬首3
spdb9880	中国人民银行
spdb9888	Au50g、Au100g、Au99.99、Au99.95、Au99.5、 Pt99.95、iAu100g、iAu99.99、iAu99.5
spdb9889	Ag99.9 和 Ag99.99
spdb9890	Au（T+D）、Au（T+N1）、Au（T+N2）、mAu（T+D）、Ag（T+D）
spdb9910	《关于促进黄金市场发展的若干意见》（银发[2010]211 号）、 《上海黄金交易所现货交易规则》、《上海黄金交易所询价业务交易 规则》等有关规定
spdb9920	3
spdb9959	交易所指定仓库
spdb9960	《上海国际黄金交易中心有价资产充抵保证金业务管理办法》规定国际会员或国际客户申请进行有价资产充抵保证金业务前，外币类有价资产应汇至国际中心指定的结算专用账户
spdb9999	交易所内
spdb10059	国务院
spdb10078	《国务院关于清理整顿各类交易场所切实 防范金融风险的决定》 
spdb10088	上海
spdb10129	权利义务
spdb10147	中国人民银行
spdb10158	2007年1月1
spdb10197	货币政策
spdb10207	国务院同意设立、中国人民银行指定的全国性票据报价交易、托管登记、清算结算、信息查询和票据风险监测平台
spdb10239	2018年7月底
spdb10248	各类业务DVP和FOP结算时序参数
spdb10249	2018年5月12日
spdb10250	并涉及机构管理、清算结算等相关模块的功能新增和优化。
spdb10267	2018年5月26日
spdb10268	工商银行杭州银苑大厦培训中心
spdb10270	1500元/人，住宿费400元/间/晚（双人入住）
spdb10277	2018年6月28日至29日
spdb10289	中国人民银行
spdb10290	电子商业汇票系统危机处置领导小组
spdb10297	上海票据交易所
spdb10308	上海票据交易所
spdb10328	2500元/人，住宿费400元/间/晚（双人入住）
spdb10349	2017年9月20日
spdb10359	上海票据交易所股份有限公司联合中国金融出版社、金融时报社
spdb10360	上海票据交易所股份有限公司
spdb10369	2017年9月25日至26日
spdb10370	工商银行杭州银苑大厦培训中心
spdb10379	按回购金额整笔计算
spdb10380	待返售票据包形式挑选拟交易票据
spdb10398	7月18日
spdb10399	上海市黄浦区半淞园路377号A区）三楼会议室
spdb10407	中国票据交易系统下载结算交割单
spdb10408	以ECDS记录为准。
spdb10418	上海票据交易所
spdb10420	上海票据交易所
spdb10427	预定排期
spdb10429	预定排期
spdb10439	财务公司和其他机构
spdb10448	2017年4月10日9:00
spdb10450	推广上线工作协调小组
spdb10457	2017年4月10日
spdb10467	2017年5月22日
spdb10479	中国票据交易系统
spdb10487	上海票据交易所会员部
spdb10488	上海市黄浦区半淞园路377号A区
spdb10497	工商银行杭州银苑大厦培训中心
spdb10500	2500元/人，住宿费400元/间/晚（双人入住）
spdb10507	2017年1月20日前
spdb10510	上海票据交易所
spdb10518	金融机构
spdb10519	正式接入通知
spdb10520	票交所发〔2017〕32号
spdb10527	上海票据交易所
spdb10528	2018年10月8日
spdb10538	2018年4月26日至27日
spdb10597	《中华人民共和国票据法》
spdb10629	、融资租赁合同以租赁物使用地为合同履行地
spdb10630	信息网络交付标的的，以买受人住所地为合同履行地
spdb10637	农村土地承包经营合同纠纷、房屋租赁合同纠纷、建设工程施工合同纠纷、政策性房屋买卖合同纠纷，按照不动产纠纷确定管辖。
spdb10639	30万元
spdb10647	真实公允确定净值原则，对产品进行保本保收益。 　　（二）采取滚动发行等方式，使得资产管理产品的本金、收益、风险在不同投资者之间发生转移，实现产品保本保收益。 　　（三）资产管理产品不能如期兑付或者兑付困难时，发行或者管理该产品的金融机构自行筹集资金偿付或者委托其他机构代为
spdb10649	７年１２月１日起施行，同时废止１９８８年１２月１９日
spdb10668	以纸质票据票面信息为准
spdb10689	中国人民银行
spdb10690	根据《中华人民共和国中国人民银行法》、《中华人民共和国票据法》、《中华人民共和国电子签名法》等有关法律，中国人民银行制定了《电子商业汇票业务管理办法》
spdb10698	电子商业汇票的出票日是指出票人记载在电子商业汇票上的出票日期
spdb10717	票款
spdb10740	用途分为结算性和投融资性两类
spdb10749	双人复核制度
spdb10750	2017年11月30日前
spdb10759	商业银行应具备与所开展同业业务规模和复杂程度相适应的同业业务治理体系，由法人总部
spdb10767	2016年6月30日前
spdb10799	个体风险和系统性风险
spdb10807	2017年4月
spdb10829	被背书人栏中注明贴现机构名称
spdb10830	被背书人栏中注明贴现机构名称，并在票据背书栏加盖电子登记权属章
spdb10837	  票据标识信息、保证日期、保证人名称、被保证人名称。
spdb10839	可
spdb10847	三个工作日内根据不同情况在票交所系统做出应答
spdb10848	审验认为票据实物为假票
spdb10880	机构的经办人员在票交所系统查询并选择需要办理质押的票据，选定质权机构
spdb10888	询价
spdb10907	1946年
spdb10928	次一工作日
spdb10940	DVP方式结算
spdb10947	共43家
spdb10967	以较低的融资成本
spdb10999	1996年
spdb11008	1882年
